{"loss": 0.5131478309631348, "accuracy": 0.8148999810218811}