{"loss": 0.4055083394050598, "accuracy": 0.8501999974250793}