{"loss": 0.3388567268848419, "accuracy": 0.8758999705314636}